-- MySQL dump 10.16  Distrib 10.1.38-MariaDB, for debian-linux-gnu (x86_64)
--
-- Host: localhost    Database: capris
-- ------------------------------------------------------
-- Server version	10.1.38-MariaDB-0+deb9u1

/*!40101 SET @OLD_CHARACTER_SET_CLIENT=@@CHARACTER_SET_CLIENT */;
/*!40101 SET @OLD_CHARACTER_SET_RESULTS=@@CHARACTER_SET_RESULTS */;
/*!40101 SET @OLD_COLLATION_CONNECTION=@@COLLATION_CONNECTION */;
/*!40101 SET NAMES utf8mb4 */;
/*!40103 SET @OLD_TIME_ZONE=@@TIME_ZONE */;
/*!40103 SET TIME_ZONE='+00:00' */;
/*!40014 SET @OLD_UNIQUE_CHECKS=@@UNIQUE_CHECKS, UNIQUE_CHECKS=0 */;
/*!40014 SET @OLD_FOREIGN_KEY_CHECKS=@@FOREIGN_KEY_CHECKS, FOREIGN_KEY_CHECKS=0 */;
/*!40101 SET @OLD_SQL_MODE=@@SQL_MODE, SQL_MODE='NO_AUTO_VALUE_ON_ZERO' */;
/*!40111 SET @OLD_SQL_NOTES=@@SQL_NOTES, SQL_NOTES=0 */;

--
-- Table structure for table `guru`
--

DROP TABLE IF EXISTS `guru`;
/*!40101 SET @saved_cs_client     = @@character_set_client */;
/*!40101 SET character_set_client = utf8 */;
CREATE TABLE `guru` (
  `niy` varchar(10) NOT NULL,
  `nama` varchar(40) NOT NULL,
  `hp` varchar(15) DEFAULT NULL,
  PRIMARY KEY (`niy`)
) ENGINE=InnoDB DEFAULT CHARSET=utf8mb4;
/*!40101 SET character_set_client = @saved_cs_client */;

--
-- Dumping data for table `guru`
--

LOCK TABLES `guru` WRITE;
/*!40000 ALTER TABLE `guru` DISABLE KEYS */;
INSERT INTO `guru` VALUES ('10001','Prabu Dasamuka','081010101010'),('10002','Prabu Dewata Cengkar','081122334455'),('10003','Prabu Menak Djanggo','081122334455'),('10004','Patih Halayudha','089988776654');
/*!40000 ALTER TABLE `guru` ENABLE KEYS */;
UNLOCK TABLES;

--
-- Table structure for table `kelas`
--

DROP TABLE IF EXISTS `kelas`;
/*!40101 SET @saved_cs_client     = @@character_set_client */;
/*!40101 SET character_set_client = utf8 */;
CREATE TABLE `kelas` (
  `id` int(2) NOT NULL AUTO_INCREMENT,
  `tingkat` enum('X','XI','XII') DEFAULT 'X',
  `jurusan` enum('TSM','TKR','TKJ') DEFAULT 'TSM',
  `ruang` int(1) DEFAULT '1',
  `kelas` varchar(10) NOT NULL,
  PRIMARY KEY (`id`)
) ENGINE=InnoDB AUTO_INCREMENT=13 DEFAULT CHARSET=utf8mb4;
/*!40101 SET character_set_client = @saved_cs_client */;

--
-- Dumping data for table `kelas`
--

LOCK TABLES `kelas` WRITE;
/*!40000 ALTER TABLE `kelas` DISABLE KEYS */;
INSERT INTO `kelas` VALUES (1,'X','TKR',1,'X-TKR-1'),(2,'X','TKR',2,'X-TKR-2'),(3,'X','TKJ',1,'X-TKJ-1'),(4,'X','TKJ',2,'X-TKJ-2'),(5,'XI','TKR',1,'XI-TKR-1'),(6,'XI','TKR',2,'XI-TKR-2'),(7,'XI','TKJ',1,'XI-TKJ-1'),(8,'XI','TKJ',2,'XI-TKJ-2'),(9,'XII','TKR',1,'XII-TKR-1'),(10,'XII','TKR',2,'XII-TKR-2'),(11,'XII','TKJ',1,'XII-TKJ-1'),(12,'XII','TKJ',2,'XII-TKJ-2');
/*!40000 ALTER TABLE `kelas` ENABLE KEYS */;
UNLOCK TABLES;

--
-- Table structure for table `klsiswa`
--

DROP TABLE IF EXISTS `klsiswa`;
/*!40101 SET @saved_cs_client     = @@character_set_client */;
/*!40101 SET character_set_client = utf8 */;
CREATE TABLE `klsiswa` (
  `id` int(5) NOT NULL AUTO_INCREMENT,
  `tapel` varchar(9) NOT NULL,
  `nis` varchar(10) NOT NULL,
  `kelas` int(2) NOT NULL,
  `absen` int(2) NOT NULL,
  PRIMARY KEY (`id`)
) ENGINE=InnoDB AUTO_INCREMENT=227 DEFAULT CHARSET=utf8mb4;
/*!40101 SET character_set_client = @saved_cs_client */;

--
-- Dumping data for table `klsiswa`
--

LOCK TABLES `klsiswa` WRITE;
/*!40000 ALTER TABLE `klsiswa` DISABLE KEYS */;
INSERT INTO `klsiswa` VALUES (1,'2019-2020','18-1-0750',5,1),(2,'2019-2020','18-1-0751',5,2),(3,'2019-2020','18-1-0752',5,3),(4,'2019-2020','18-1-0753',5,4),(5,'2019-2020','18-1-0754',5,5),(6,'2019-2020','18-1-0755',5,6),(7,'2019-2020','18-1-0756',5,7),(8,'2019-2020','18-1-0757',5,8),(9,'2019-2020','18-1-0758',5,9),(10,'2019-2020','18-1-0759',5,10),(11,'2019-2020','18-1-0760',5,11),(12,'2019-2020','18-1-0761',5,12),(13,'2019-2020','18-1-0762',5,13),(14,'2019-2020','18-1-0763',5,14),(15,'2019-2020','18-1-0764',5,15),(16,'2019-2020','18-1-0765',5,16),(17,'2019-2020','18-1-0766',5,17),(18,'2019-2020','18-1-0767',5,18),(19,'2019-2020','18-1-0768',5,19),(20,'2019-2020','18-1-0769',5,20),(21,'2019-2020','18-1-0770',5,21),(22,'2019-2020','18-1-0771',5,22),(23,'2019-2020','18-1-0772',5,23),(24,'2019-2020','18-1-0773',5,24),(25,'2019-2020','18-1-0775',5,25),(26,'2019-2020','18-1-0776',5,26),(27,'2019-2020','18-1-0777',5,27),(28,'2019-2020','18-1-0778',5,28),(29,'2019-2020','18-1-0779',5,29),(30,'2019-2020','18-1-0780',5,30),(31,'2019-2020','18-1-0781',5,31),(32,'2019-2020','18-1-0782',5,32),(33,'2019-2020','18-1-0783',5,33),(34,'2019-2020','18-1-0785',5,34),(35,'2019-2020','18-1-0786',5,35),(36,'2019-2020','18-1-0791',6,1),(37,'2019-2020','18-1-0792',6,2),(38,'2019-2020','18-1-0793',6,3),(39,'2019-2020','18-1-0794',6,4),(40,'2019-2020','18-1-0795',6,5),(41,'2019-2020','18-1-0796',6,6),(42,'2019-2020','18-1-0797',6,7),(43,'2019-2020','18-1-0798',6,8),(44,'2019-2020','18-1-0799',6,9),(45,'2019-2020','18-1-0800',6,10),(46,'2019-2020','18-1-0801',6,11),(47,'2019-2020','18-1-0802',6,12),(48,'2019-2020','18-1-0803',6,13),(49,'2019-2020','18-1-0805',6,14),(50,'2019-2020','18-1-0806',6,15),(51,'2019-2020','18-1-0807',6,16),(52,'2019-2020','18-1-0808',6,17),(53,'2019-2020','18-1-0809',6,18),(54,'2019-2020','18-1-0810',6,19),(55,'2019-2020','18-1-0811',6,20),(56,'2019-2020','18-1-0812',6,21),(57,'2019-2020','18-1-0813',6,22),(58,'2019-2020','18-1-0814',6,23),(59,'2019-2020','18-1-0815',6,24),(60,'2019-2020','18-1-0816',6,25),(61,'2019-2020','18-1-0817',6,26),(62,'2019-2020','18-1-0819',6,27),(63,'2019-2020','18-1-0820',6,28),(64,'2019-2020','18-1-0821',6,29),(65,'2019-2020','18-1-0822',6,30),(66,'2019-2020','18-1-0823',6,31),(67,'2019-2020','18-1-0824',6,32),(68,'2019-2020','18-1-0825',6,33),(69,'2019-2020','18-1-0826',6,34),(70,'2019-2020','18-1-0827',6,35),(71,'2019-2020','18-1-0828',6,36),(72,'2019-2020','18-2-0831',7,1),(73,'2019-2020','18-2-0832',7,2),(74,'2019-2020','18-2-0833',7,3),(75,'2019-2020','18-2-0835',7,4),(76,'2019-2020','18-2-0837',7,5),(77,'2019-2020','18-2-0838',7,6),(78,'2019-2020','18-2-0840',7,7),(79,'2019-2020','18-2-0841',7,8),(80,'2019-2020','18-2-0842',7,9),(81,'2019-2020','18-2-0844',7,10),(82,'2019-2020','18-2-0845',7,11),(83,'2019-2020','18-2-0846',7,12),(84,'2019-2020','18-2-0847',7,13),(85,'2019-2020','18-2-0848',7,14),(86,'2019-2020','18-2-0849',7,15),(87,'2019-2020','18-2-0850',7,16),(88,'2019-2020','18-2-0851',7,17),(89,'2019-2020','18-2-0852',7,18),(90,'2019-2020','18-2-0853',7,19),(91,'2019-2020','18-2-0854',7,20),(92,'2019-2020','18-2-0855',7,21),(93,'2019-2020','18-2-0856',7,22),(94,'2019-2020','18-2-0858',7,23),(95,'2019-2020','18-2-0859',7,24),(96,'2019-2020','18-2-0860',7,25),(97,'2019-2020','18-2-0866',8,1),(98,'2019-2020','18-2-0867',8,2),(99,'2019-2020','18-2-0868',8,3),(100,'2019-2020','18-2-0869',8,4),(101,'2019-2020','18-2-0839',8,5),(102,'2019-2020','18-2-0871',8,6),(103,'2019-2020','18-2-1871',8,7),(104,'2019-2020','18-2-0872',8,8),(105,'2019-2020','18-2-0873',8,9),(106,'2019-2020','18-2-0874',8,10),(107,'2019-2020','18-2-0875',8,11),(108,'2019-2020','18-2-0876',8,12),(109,'2019-2020','18-2-0877',8,13),(110,'2019-2020','18-2-0879',8,14),(111,'2019-2020','18-2-0881',8,15),(112,'2019-2020','18-2-0882',8,16),(113,'2019-2020','18-2-0883',8,17),(114,'2019-2020','18-2-0884',8,18),(115,'2019-2020','18-2-0885',8,19),(116,'2019-2020','18-2-0886',8,20),(117,'2019-2020','18-2-0887',8,21),(118,'2019-2020','18-2-0888',8,22),(119,'2019-2020','18-2-0889',8,23),(120,'2019-2020','18-2-0890',8,24),(121,'2019-2020','18-2-1890',8,25),(122,'2019-2020','18-2-0892',8,26),(123,'2019-2020','18-2-0896',8,27),(124,'2019-2020','17-1-0624',9,1),(125,'2019-2020','17-1-0625',9,2),(126,'2019-2020','17-1-0626',9,3),(127,'2019-2020','17-1-0627',9,4),(128,'2019-2020','17-1-0628',9,5),(129,'2019-2020','17-1-0630',9,6),(130,'2019-2020','17-1-0631',9,7),(131,'2019-2020','17-1-0632',9,8),(132,'2019-2020','17-1-0633',9,9),(133,'2019-2020','17-1-0634',9,10),(134,'2019-2020','17-1-0636',9,11),(135,'2019-2020','17-1-0637',9,12),(136,'2019-2020','17-1-0638',9,13),(137,'2019-2020','17-1-0686',9,14),(138,'2019-2020','17-1-0639',9,15),(139,'2019-2020','17-1-0687',9,16),(140,'2019-2020','17-1-0641',9,17),(141,'2019-2020','17-1-0642',9,18),(142,'2019-2020','17-1-0644',9,19),(143,'2019-2020','17-1-0647',9,20),(144,'2019-2020','17-1-0643',9,21),(145,'2019-2020','17-1-0645',9,22),(146,'2019-2020','17-1-0646',9,23),(147,'2019-2020','17-1-0649',9,24),(148,'2019-2020','17-1-0651',9,25),(149,'2019-2020','17-1-0653',9,26),(150,'2019-2020','17-1-0684',9,27),(151,'2019-2020','17-1-0656',10,1),(152,'2019-2020','17-1-0657',10,2),(153,'2019-2020','17-1-0659',10,3),(154,'2019-2020','17-1-0660',10,4),(155,'2019-2020','17-1-0661',10,5),(156,'2019-2020','17-1-0662',10,6),(157,'2019-2020','17-1-0663',10,7),(158,'2019-2020','17-1-0664',10,8),(159,'2019-2020','17-1-0665',10,9),(160,'2019-2020','17-1-0666',10,10),(161,'2019-2020','17-1-0667',10,11),(162,'2019-2020','17-1-0668',10,12),(163,'2019-2020','17-1-0669',10,13),(164,'2019-2020','17-1-0670',10,14),(165,'2019-2020','17-1-0671',10,15),(166,'2019-2020','17-1-0673',10,16),(167,'2019-2020','17-1-0674',10,17),(168,'2019-2020','17-1-0675',10,18),(169,'2019-2020','17-1-0576',10,19),(170,'2019-2020','17-1-0679',10,20),(171,'2019-2020','17-1-0650',10,21),(172,'2019-2020','17-1-0681',10,22),(173,'2019-2020','17-1-0680',10,23),(174,'2019-2020','17-1-0682',10,24),(175,'2019-2020','17-1-0683',10,25),(176,'2019-2020','17-1-0685',10,26),(177,'2019-2020','17-1-0689',10,27),(178,'2019-2020','17-2-0689',11,1),(179,'2019-2020','17-2-0690',11,2),(180,'2019-2020','17-2-0691',11,3),(181,'2019-2020','17-2-0692',11,4),(182,'2019-2020','17-2-0716',11,5),(183,'2019-2020','17-2-0693',11,6),(184,'2019-2020','17-2-0694',11,7),(185,'2019-2020','17-2-0695',11,8),(186,'2019-2020','17-2-0696',11,9),(187,'2019-2020','17-2-0697',11,10),(188,'2019-2020','17-2-0698',11,11),(189,'2019-2020','17-2-0699',11,12),(190,'2019-2020','17-2-0700',11,13),(191,'2019-2020','17-2-0701',11,14),(192,'2019-2020','17-2-0702',11,15),(193,'2019-2020','17-2-0703',11,16),(194,'2019-2020','17-2-0704',11,17),(195,'2019-2020','17-2-0705',11,18),(196,'2019-2020','17-2-0706',11,19),(197,'2019-2020','17-2-0707',11,20),(198,'2019-2020','17-2-0709',11,21),(199,'2019-2020','17-2-0711',11,22),(200,'2019-2020','17-2-0712',11,23),(201,'2019-2020','17-2-0713',11,24),(202,'2019-2020','17-2-0714',11,25),(203,'2019-2020','17-2-0717',12,1),(204,'2019-2020','17-2-0718',12,2),(205,'2019-2020','17-2-0719',12,3),(206,'2019-2020','17-2-0720',12,4),(207,'2019-2020','17-2-0721',12,5),(208,'2019-2020','17-2-0722',12,6),(209,'2019-2020','17-2-0723',12,7),(210,'2019-2020','17-2-0724',12,8),(211,'2019-2020','17-2-0725',12,9),(212,'2019-2020','17-2-0726',12,10),(213,'2019-2020','17-2-0727',12,11),(214,'2019-2020','17-2-0728',12,12),(215,'2019-2020','17-2-0729',12,13),(216,'2019-2020','17-2-0730',12,14),(217,'2019-2020','17-2-0731',12,15),(218,'2019-2020','17-2-0732',12,16),(219,'2019-2020','17-2-0744',12,17),(220,'2019-2020','17-2-0733',12,18),(221,'2019-2020','17-2-0735',12,19),(222,'2019-2020','17-2-0736',12,20),(223,'2019-2020','17-2-0739',12,21),(224,'2019-2020','17-2-0740',12,22),(225,'2019-2020','17-2-0742',12,23),(226,'2019-2020','17-2-0743',12,24);
/*!40000 ALTER TABLE `klsiswa` ENABLE KEYS */;
UNLOCK TABLES;

--
-- Table structure for table `mood`
--

DROP TABLE IF EXISTS `mood`;
/*!40101 SET @saved_cs_client     = @@character_set_client */;
/*!40101 SET character_set_client = utf8 */;
CREATE TABLE `mood` (
  `id` int(8) NOT NULL AUTO_INCREMENT,
  `tapel` varchar(9) DEFAULT NULL,
  `nis` varchar(8) NOT NULL,
  `tanggal` timestamp NOT NULL DEFAULT CURRENT_TIMESTAMP,
  `mood` varchar(20) DEFAULT NULL,
  PRIMARY KEY (`id`)
) ENGINE=InnoDB AUTO_INCREMENT=7 DEFAULT CHARSET=utf8mb4;
/*!40101 SET character_set_client = @saved_cs_client */;

--
-- Dumping data for table `mood`
--

LOCK TABLES `mood` WRITE;
/*!40000 ALTER TABLE `mood` DISABLE KEYS */;
INSERT INTO `mood` VALUES (1,'2019-2020','0002','2019-07-14 04:02:58','Optimis'),(2,'2019-2020','0001','2019-07-14 04:03:48','Sedih'),(3,'2019-2020','0003','2019-07-14 04:04:25','Konyol'),(4,'2019-2020','0001','2019-07-15 01:45:03','Sedih'),(5,'2019-2020','0003','2019-07-15 01:55:39','Kejutan'),(6,'2019-2020','0002','2019-07-15 02:42:18','Optimis');
/*!40000 ALTER TABLE `mood` ENABLE KEYS */;
UNLOCK TABLES;

--
-- Table structure for table `presensi`
--

DROP TABLE IF EXISTS `presensi`;
/*!40101 SET @saved_cs_client     = @@character_set_client */;
/*!40101 SET character_set_client = utf8 */;
CREATE TABLE `presensi` (
  `id` int(8) NOT NULL AUTO_INCREMENT,
  `tapel` varchar(9) DEFAULT NULL,
  `nis` varchar(8) NOT NULL,
  `tanggal` date DEFAULT NULL,
  `hadir` enum('0','1') DEFAULT '0',
  `telat` enum('0','1') DEFAULT '0',
  `sakit` enum('0','1') DEFAULT '0',
  `izin` enum('0','1') DEFAULT '0',
  `alpha` enum('0','1') DEFAULT '0',
  `kabur` enum('0','1') DEFAULT '0',
  PRIMARY KEY (`id`)
) ENGINE=InnoDB AUTO_INCREMENT=7 DEFAULT CHARSET=utf8mb4;
/*!40101 SET character_set_client = @saved_cs_client */;

--
-- Dumping data for table `presensi`
--

LOCK TABLES `presensi` WRITE;
/*!40000 ALTER TABLE `presensi` DISABLE KEYS */;
INSERT INTO `presensi` VALUES (1,'2019-2020','0002','2019-07-14','1','0','0','0','0','0'),(2,'2019-2020','0001','2019-07-14','1','1','0','0','0','0'),(3,'2019-2020','0003','2019-07-14','1','0','0','0','0','0'),(4,'2019-2020','0001','2019-07-15','1','0','0','0','0','0'),(5,'2019-2020','0003','2019-07-15','1','1','0','0','0','0'),(6,'2019-2020','0002','2019-07-15','1','0','0','0','0','0');
/*!40000 ALTER TABLE `presensi` ENABLE KEYS */;
UNLOCK TABLES;

--
-- Table structure for table `seragame`
--

DROP TABLE IF EXISTS `seragame`;
/*!40101 SET @saved_cs_client     = @@character_set_client */;
/*!40101 SET character_set_client = utf8 */;
CREATE TABLE `seragame` (
  `id` int(8) NOT NULL AUTO_INCREMENT,
  `tapel` varchar(9) DEFAULT NULL,
  `nis` varchar(8) NOT NULL,
  `tanggal` date DEFAULT NULL,
  `baju` enum('0','1') DEFAULT '0',
  `rapi` enum('0','1') DEFAULT '0',
  `attr` enum('0','1') DEFAULT '0',
  `sock` enum('0','1') DEFAULT '0',
  `belt` enum('0','1') DEFAULT '0',
  PRIMARY KEY (`id`)
) ENGINE=InnoDB AUTO_INCREMENT=7 DEFAULT CHARSET=utf8mb4;
/*!40101 SET character_set_client = @saved_cs_client */;

--
-- Dumping data for table `seragame`
--

LOCK TABLES `seragame` WRITE;
/*!40000 ALTER TABLE `seragame` DISABLE KEYS */;
INSERT INTO `seragame` VALUES (1,'2019-2020','0002','2019-07-14','1','1','1','1','1'),(2,'2019-2020','0001','2019-07-14','1','0','1','0','1'),(3,'2019-2020','0003','2019-07-14','0','1','0','1','1'),(4,'2019-2020','0001','2019-07-15','1','1','1','1','0'),(5,'2019-2020','0003','2019-07-15','1','1','1','1','1'),(6,'2019-2020','0002','2019-07-15','1','1','1','0','1');
/*!40000 ALTER TABLE `seragame` ENABLE KEYS */;
UNLOCK TABLES;

--
-- Table structure for table `sholate`
--

DROP TABLE IF EXISTS `sholate`;
/*!40101 SET @saved_cs_client     = @@character_set_client */;
/*!40101 SET character_set_client = utf8 */;
CREATE TABLE `sholate` (
  `id` int(8) NOT NULL AUTO_INCREMENT,
  `nis` varchar(10) DEFAULT NULL,
  `tapel` varchar(9) NOT NULL,
  `tanggal` date DEFAULT NULL,
  `sub` enum('0','1') DEFAULT '0',
  `dhu` enum('0','1') DEFAULT '0',
  `ash` enum('0','1') DEFAULT '0',
  `mag` enum('0','1') DEFAULT '0',
  `ish` enum('0','1') DEFAULT '0',
  PRIMARY KEY (`id`)
) ENGINE=InnoDB AUTO_INCREMENT=7 DEFAULT CHARSET=utf8mb4;
/*!40101 SET character_set_client = @saved_cs_client */;

--
-- Dumping data for table `sholate`
--

LOCK TABLES `sholate` WRITE;
/*!40000 ALTER TABLE `sholate` DISABLE KEYS */;
INSERT INTO `sholate` VALUES (1,'0002','2019-2020','2019-07-13','1','1','1','1','1'),(2,'0001','2019-2020','2019-07-13','0','1','1','0','0'),(3,'0003','2019-2020','2019-07-13','0','0','0','1','1'),(4,'0001','2019-2020','2019-07-14','1','1','0','1','0'),(5,'0003','2019-2020','2019-07-14','1','1','1','1','1'),(6,'0002','2019-2020','2019-07-14','1','1','1','1','0');
/*!40000 ALTER TABLE `sholate` ENABLE KEYS */;
UNLOCK TABLES;

--
-- Table structure for table `siswa`
--

DROP TABLE IF EXISTS `siswa`;
/*!40101 SET @saved_cs_client     = @@character_set_client */;
/*!40101 SET character_set_client = utf8 */;
CREATE TABLE `siswa` (
  `nis` varchar(10) NOT NULL,
  `nama` varchar(40) NOT NULL,
  `hp` varchar(15) DEFAULT NULL,
  `ortu` varchar(40) NOT NULL,
  `alamat` tinytext,
  `pkey` varchar(4) DEFAULT NULL,
  PRIMARY KEY (`nis`)
) ENGINE=InnoDB DEFAULT CHARSET=utf8mb4;
/*!40101 SET character_set_client = @saved_cs_client */;

--
-- Dumping data for table `siswa`
--

LOCK TABLES `siswa` WRITE;
/*!40000 ALTER TABLE `siswa` DISABLE KEYS */;
INSERT INTO `siswa` VALUES ('17-1-0576','REDA MUNAWAR',NULL,'',NULL,'P7b5'),('17-1-0624','ABDUL FIKRI',NULL,'',NULL,'I4r1'),('17-1-0625','AFIF SETIA YANTO',NULL,'',NULL,'I7r4'),('17-1-0626','AHMAD NAWAWI',NULL,'',NULL,'R2a1'),('17-1-0627','ALIF MUAMAR',NULL,'',NULL,'P6b9'),('17-1-0628','ANDRI SAPUTRA',NULL,'',NULL,'A2b5'),('17-1-0630','ARDIYANTO',NULL,'',NULL,'I5i6'),('17-1-0631','DIKI FIRMANTO',NULL,'',NULL,'T8i0'),('17-1-0632','DONI PANGESTU ADININGRAT',NULL,'',NULL,'B4p2'),('17-1-0633','DWI AGUNG SETIAWAN',NULL,'',NULL,'T8t0'),('17-1-0634','DZIKRI PRADIVA UTAMA',NULL,'',NULL,'I6k2'),('17-1-0636','FADLUL RIZAL',NULL,'',NULL,'T8r8'),('17-1-0637','FARIZAL NUR HIDAYAT',NULL,'',NULL,'K0b2'),('17-1-0638','FERDI YOGA WICAKSONO',NULL,'',NULL,'A8t9'),('17-1-0639','HARUN SUBEKTI',NULL,'',NULL,'T8i7'),('17-1-0641','LUQMANUL KHAKIM',NULL,'',NULL,'A6p3'),('17-1-0642','M. MASUM KHUZAENUS SURUR',NULL,'',NULL,'I2i7'),('17-1-0643','MUHAMAD NGABDUL NGAZIZ',NULL,'',NULL,'R0p6'),('17-1-0644','MUHAMAD DIKI MAULANA',NULL,'',NULL,'I4a9'),('17-1-0645','NASIRI',NULL,'',NULL,'A6r5'),('17-1-0646','NGAENUN SAEFULLOH',NULL,'',NULL,'A7p3'),('17-1-0647','MUHAMAD FUAD',NULL,'',NULL,'T6b2'),('17-1-0649','PUPUT SETIAWAN',NULL,'',NULL,'K7i2'),('17-1-0650','RIZKI PRATAMA',NULL,'',NULL,'T3t6'),('17-1-0651','SYARIF HIDAYAT',NULL,'',NULL,'R0r0'),('17-1-0653','WAHYU GHOZALI',NULL,'',NULL,'R7k3'),('17-1-0656','ADIT RIYANTO',NULL,'',NULL,'K0i3'),('17-1-0657','AGUS EFRIADI',NULL,'',NULL,'R0t5'),('17-1-0659','AKHMAD ZAENUL ISLAKUDIN',NULL,'',NULL,'K6r6'),('17-1-0660','ALDI WAHYU PRATAMA',NULL,'',NULL,'P8k2'),('17-1-0661','ANGGIT SETIAWAN',NULL,'',NULL,'T9b8'),('17-1-0662','BINTANG IBNU ABDULLOH',NULL,'',NULL,'T9r6'),('17-1-0663','DANANG AWALUDIN',NULL,'',NULL,'A3p1'),('17-1-0664','DUTA SETIA HAKIM',NULL,'',NULL,'R5t3'),('17-1-0665','DWI UTOMO',NULL,'',NULL,'K8i1'),('17-1-0666','ENDRA FRAN DIANSAH',NULL,'',NULL,'T5k5'),('17-1-0667','FEBRIAN BAGAS YOGA P.',NULL,'',NULL,'A2p0'),('17-1-0668','FERNANDI AGUS KURNIAWAN',NULL,'',NULL,'B7p3'),('17-1-0669','INDRA PRASETYO',NULL,'',NULL,'B3i8'),('17-1-0670','KHARIS SALIMUDIN',NULL,'',NULL,'A2k9'),('17-1-0671','MUHAMAD ARIZQI ABDULAH',NULL,'',NULL,'B3p2'),('17-1-0673','NGABDUL MUKAFI',NULL,'',NULL,'P9r1'),('17-1-0674','NUGROHO ANDI PRAYITNO',NULL,'',NULL,'A9k1'),('17-1-0675','POPO HARDIANTO',NULL,'',NULL,'P7a6'),('17-1-0679','RIYAN SUGIYANTO',NULL,'',NULL,'A4p5'),('17-1-0680','RIZQI BAHTIYAR',NULL,'',NULL,'B9k3'),('17-1-0681','RIZKI WASKITA',NULL,'',NULL,'K2a3'),('17-1-0682','WERI SETIAWAN',NULL,'',NULL,'T4b1'),('17-1-0683','YOGA SEFRIAN',NULL,'',NULL,'B3i9'),('17-1-0684','YOPPI SETIAWAN',NULL,'',NULL,'R5r2'),('17-1-0685','ZAENI MA`RUF',NULL,'',NULL,'K6i1'),('17-1-0686','HAPSORO DWI GUNAWAN',NULL,'',NULL,'I8r3'),('17-1-0687','HENDRI RIYAN',NULL,'',NULL,'A1r2'),('17-1-0689','AFIFUDIN ALDIYANSAH',NULL,'',NULL,'T8a5'),('17-2-0689','ACHMAD SANJAYA',NULL,'',NULL,'T3a8'),('17-2-0690','AKHMAD DUL IKHSAN',NULL,'',NULL,'R5i9'),('17-2-0691','ANA LESTARI',NULL,'',NULL,'A8i1'),('17-2-0692','ANDINI PRATIWI SULUNG',NULL,'',NULL,'B6b7'),('17-2-0693','ARDITA PUTRA PRATAMA',NULL,'',NULL,'P7t6'),('17-2-0694','AYU FEBRI NUR DAYANTI',NULL,'',NULL,'T4k1'),('17-2-0695','DANI RIZKI FAJARIYA',NULL,'',NULL,'A2p2'),('17-2-0696','ELSA RIYANI',NULL,'',NULL,'B0i2'),('17-2-0697','ENDRIK DARMAWAN',NULL,'',NULL,'B6r1'),('17-2-0698','ERIKA SETIAWATI',NULL,'',NULL,'R8t9'),('17-2-0699','FADILLAH',NULL,'',NULL,'P6p9'),('17-2-0700','FATMAWATI',NULL,'',NULL,'A2t4'),('17-2-0701','GAYUH CITRA DEWI',NULL,'',NULL,'P9k5'),('17-2-0702','HULIATUL AFIFAH',NULL,'',NULL,'P9b0'),('17-2-0703','INDAH FATIKHATUL HANI',NULL,'',NULL,'K2a4'),('17-2-0704','LISTIYANI',NULL,'',NULL,'B5a6'),('17-2-0705','MA`RIFATUN NISYA',NULL,'',NULL,'T1p5'),('17-2-0706','NUR FIKA DIMIANTI',NULL,'',NULL,'T6p1'),('17-2-0707','PUTRI LESTARI',NULL,'',NULL,'B9p2'),('17-2-0709','RINANTI',NULL,'',NULL,'T8p5'),('17-2-0711','TEGAR PIERDIKA PUTRA',NULL,'',NULL,'P8p2'),('17-2-0712','TRIYA TITANIA',NULL,'',NULL,'P6r6'),('17-2-0713','UMI NURUL BAROKAH',NULL,'',NULL,'R1t6'),('17-2-0714','VIRLA  MARGIYANTI',NULL,'',NULL,'R3t4'),('17-2-0716','ANDRIYANSYAH PRATAMA',NULL,'',NULL,'T0i6'),('17-2-0717','ADI NUR HIDAYAT',NULL,'',NULL,'B4t2'),('17-2-0718','AKHMAD SOLIHIN',NULL,'',NULL,'P6p0'),('17-2-0719','ANI WIDI YANTI',NULL,'',NULL,'B0p9'),('17-2-0720','ANISA NUROHMAH',NULL,'',NULL,'R1t6'),('17-2-0721','DESI AMBARWATI',NULL,'',NULL,'T5i1'),('17-2-0722','DWI ANGGORO',NULL,'',NULL,'B3p4'),('17-2-0723','DWI SUSILOWATI',NULL,'',NULL,'A7b6'),('17-2-0724','ERNAWATI',NULL,'',NULL,'P7i5'),('17-2-0725','FADIL NASRULLOH ARIFIN',NULL,'',NULL,'P1r6'),('17-2-0726','GALUH PURBANDARI',NULL,'',NULL,'R9t3'),('17-2-0727','INTAN NUR KHASANAH',NULL,'',NULL,'P1i6'),('17-2-0728','KHOTAMI LUTVIAH',NULL,'',NULL,'T1r2'),('17-2-0729','LARAS PUJIARTI',NULL,'',NULL,'I5r6'),('17-2-0730','LINA NUR ISTIANA',NULL,'',NULL,'A0b4'),('17-2-0731','MURNI HIDAYANTI',NULL,'',NULL,'I4b7'),('17-2-0732','NINDITA TINTA REGINA',NULL,'',NULL,'B5b6'),('17-2-0733','PRISA REFITIANA',NULL,'',NULL,'T5p8'),('17-2-0735','RAGIL IRFANDA',NULL,'',NULL,'T7i7'),('17-2-0736','RISMA RISTIAWATI',NULL,'',NULL,'I6p3'),('17-2-0739','SELAMET RAHAYU',NULL,'',NULL,'R5p9'),('17-2-0740','SRI MAELANI',NULL,'',NULL,'B7a9'),('17-2-0742','UMI NUR WAHIDAH',NULL,'',NULL,'K6k4'),('17-2-0743','WAHYU LEKSONO',NULL,'',NULL,'P2k0'),('17-2-0744','NINING RAHAYU',NULL,'',NULL,'P9i1'),('18-1-0750','ADI MUSTIKA',NULL,'',NULL,'I5a1'),('18-1-0751','AGUS ALFIANDRI',NULL,'',NULL,'K0a7'),('18-1-0752','AJI SETIYONO',NULL,'',NULL,'T4p0'),('18-1-0753','AKHMAD NUR FAUZI',NULL,'',NULL,'T0i1'),('18-1-0754','ALI NUR ROHMAN',NULL,'',NULL,'B7r1'),('18-1-0755','ANDREAN MAULANA A',NULL,'',NULL,'I5a2'),('18-1-0756','AULA NUR FAOZI',NULL,'',NULL,'R8b3'),('18-1-0757','DANI FIRMANSYAH',NULL,'',NULL,'I2r7'),('18-1-0758','DILAN SURYA FEBRIANSYAH',NULL,'',NULL,'I8i9'),('18-1-0759','EKO APRIYANTO',NULL,'',NULL,'R6p7'),('18-1-0760','FITA SAPUTRA',NULL,'',NULL,'R0t8'),('18-1-0761','GAMPANG RATMANTO',NULL,'',NULL,'R2k3'),('18-1-0762','HEFRI DWIYANTO',NULL,'',NULL,'A7i7'),('18-1-0763','HENGKI ',NULL,'',NULL,'T5r1'),('18-1-0764','IRFAN FAUZI',NULL,'',NULL,'I3t4'),('18-1-0765','JULI KURNIAWAN',NULL,'',NULL,'T1p7'),('18-1-0766','KHAMIM FA IJUN',NULL,'',NULL,'K2t5'),('18-1-0767','LATIF KHOERUL ANAM',NULL,'',NULL,'A0t0'),('18-1-0768','MANTEP BUDIONO',NULL,'',NULL,'K2i9'),('18-1-0769','MAULANA YOGA JULIAWAN',NULL,'',NULL,'T3b5'),('18-1-0770','MUHAMMAD ANANG MA`RUF',NULL,'',NULL,'A1k3'),('18-1-0771','MUHAMMAD IQBAL R.A',NULL,'',NULL,'I0r0'),('18-1-0772','MUSTANGI MAHTUN R.',NULL,'',NULL,'R3a0'),('18-1-0773','PASYA IKHFAL SAFEI',NULL,'',NULL,'B6k5'),('18-1-0775','DINDA ARISKA',NULL,'',NULL,'B4t1'),('18-1-0776','RIDHO ADI PRATAMA',NULL,'',NULL,'A7k3'),('18-1-0777','RIKI HADIYANTO',NULL,'',NULL,'P1k6'),('18-1-0778','RIZKI IMANULOH',NULL,'',NULL,'I4p3'),('18-1-0779','ROFIK HIDAYAT',NULL,'',NULL,'P0i4'),('18-1-0780','RUDI HERDIANTO',NULL,'',NULL,'T6k0'),('18-1-0781','SAJIDUN',NULL,'',NULL,'R5t0'),('18-1-0782','SEPTIAN PRAYOGA',NULL,'',NULL,'T3p1'),('18-1-0783','SOLEH BUDI LAKSONO',NULL,'',NULL,'B0a1'),('18-1-0785','YOSEP TRI CAHYO',NULL,'',NULL,'K5p8'),('18-1-0786','TEGAR DEWANGGA',NULL,'',NULL,'A5p2'),('18-1-0791','AHMAD FAIF SUBEKTI',NULL,'',NULL,'T2r6'),('18-1-0792','AHMAD NAHID SUBHAN',NULL,'',NULL,'K0t2'),('18-1-0793','AJI SUSANTO',NULL,'',NULL,'P8i8'),('18-1-0794','ALFAN NURHIDAYAT',NULL,'',NULL,'B3a5'),('18-1-0795','ALWI AMBADAR',NULL,'',NULL,'T9b0'),('18-1-0796','ARIF PUJIANTO',NULL,'',NULL,'R8a6'),('18-1-0797','CANDRA WAHID AZIZI',NULL,'',NULL,'T1k6'),('18-1-0798','DENI PRIYATNO',NULL,'',NULL,'K2i5'),('18-1-0799','DITE PURNOMO',NULL,'',NULL,'I5a4'),('18-1-0800','FIKI YUDATAMA ',NULL,'',NULL,'P3b4'),('18-1-0801','GALAN ADE PRADANU',NULL,'',NULL,'K9p0'),('18-1-0802','HARI PRAMUDIA',NULL,'',NULL,'B5t1'),('18-1-0803','HENDI SAPUTRA',NULL,'',NULL,'R1b4'),('18-1-0805','IRFAN MAULANA',NULL,'',NULL,'A9a5'),('18-1-0806','KARNO SOLIHUN',NULL,'',NULL,'P8p2'),('18-1-0807','KHONIDI',NULL,'',NULL,'B4r5'),('18-1-0808','MALIK AINUN JAFAR',NULL,'',NULL,'K7k9'),('18-1-0809','M. RIFANO',NULL,'',NULL,'K9k4'),('18-1-0810','MA`RUF ISKANDAR',NULL,'',NULL,'A6r5'),('18-1-0811','MOKHAMAD SOLEH',NULL,'',NULL,'R2k6'),('18-1-0812','MUHAMMAD ANGGA SM',NULL,'',NULL,'B2i9'),('18-1-0813','MUHAMMAD LUKMAN',NULL,'',NULL,'P4a1'),('18-1-0814','OKTARIA PANGGIH S',NULL,'',NULL,'R3r7'),('18-1-0815','RAFLI RIANTO',NULL,'',NULL,'K1p1'),('18-1-0816','RENALDI PANGESTU',NULL,'',NULL,'R2k1'),('18-1-0817','RIDHO ALIF PURNOMO',NULL,'',NULL,'K8p9'),('18-1-0819','RIZAL SAPUTRA',NULL,'',NULL,'R6b1'),('18-1-0820','ROBI SUBIYANTO',NULL,'',NULL,'T5t1'),('18-1-0821','ROMADON',NULL,'',NULL,'I7r6'),('18-1-0822','SAHID SAPUTRA',NULL,'',NULL,'P1a0'),('18-1-0823','SARIF DERMAWAN',NULL,'',NULL,'B7p2'),('18-1-0824','SAFIQ ABDUL MALIK',NULL,'',NULL,'P7a3'),('18-1-0825','SLAMET S.',NULL,'',NULL,'K7k2'),('18-1-0826','TRI WIYONO ',NULL,'',NULL,'K4i5'),('18-1-0827','ULFAN ARIFIN',NULL,'',NULL,'I2b0'),('18-1-0828','DIMAS ANANTA',NULL,'',NULL,'P3r8'),('18-2-0831','ACHMAD AL HADAD',NULL,'',NULL,'K6t0'),('18-2-0832','AFRIZAL UTOMO',NULL,'',NULL,'T8t5'),('18-2-0833','AGUS SETYAWAN ',NULL,'',NULL,'R7t4'),('18-2-0835','AIDA YULIANTI',NULL,'',NULL,'I9k9'),('18-2-0837','ANGGUN RISKA PUTRI',NULL,'',NULL,'A5i6'),('18-2-0838','ANISA OKTIANI',NULL,'',NULL,'T2r6'),('18-2-0839','ANGGI RINDANI SAFIRA N',NULL,'',NULL,'T1t5'),('18-2-0840','AWALUDIN AKHMAD',NULL,'',NULL,'K2t6'),('18-2-0841','DIAH AYU STYANINGRUM',NULL,'',NULL,'K7k9'),('18-2-0842','DIAN SAFITRI',NULL,'',NULL,'T8b0'),('18-2-0844','DINI LESTARI',NULL,'',NULL,'P5r5'),('18-2-0845','EFTI NURNGAENI',NULL,'',NULL,'B4r6'),('18-2-0846','EKY YULIANINGRUM',NULL,'',NULL,'B7p2'),('18-2-0847','FITRIATUN NUR HIKMAH',NULL,'',NULL,'P9p2'),('18-2-0848','IKA LISTIYANI',NULL,'',NULL,'R1i2'),('18-2-0849','JENY SALSA SAPUTRI',NULL,'',NULL,'T7r1'),('18-2-0850','KHOFIFAH NURAENI',NULL,'',NULL,'P2i9'),('18-2-0851','LINA NUR ISTIANA',NULL,'',NULL,'A3a2'),('18-2-0852','LINDA PUSPITA',NULL,'',NULL,'B7r3'),('18-2-0853','LUDIYANTI',NULL,'',NULL,'A3p5'),('18-2-0854','MUHAMMAD BAGIR REZA',NULL,'',NULL,'T8b6'),('18-2-0855','MUHFID ALFARIJI',NULL,'',NULL,'B5r7'),('18-2-0856','NADIA FAIZATUL W',NULL,'',NULL,'K6k2'),('18-2-0858','SATRIA WAHYU ADI P',NULL,'',NULL,'T4k1'),('18-2-0859','SEPTIANA ROFIQOH',NULL,'',NULL,'R6k4'),('18-2-0860','SINGGIH SAPUTRI',NULL,'',NULL,'A2a1'),('18-2-0866','ADE KURNIA NINGSIH',NULL,'',NULL,'P2k9'),('18-2-0867','AGUNG SEPTIYADI',NULL,'',NULL,'A4k5'),('18-2-0868','AHMAD AZIZ',NULL,'',NULL,'A6r1'),('18-2-0869','AJI SETIAWAN',NULL,'',NULL,'K2a2'),('18-2-0871','ANISA RODIANTI',NULL,'',NULL,'A2r4'),('18-2-0872','ASIH SUBEKTI',NULL,'',NULL,'A5i5'),('18-2-0873','ASIFA AHMAD ',NULL,'',NULL,'R1p6'),('18-2-0874','ASTI LESTARI',NULL,'',NULL,'B1t4'),('18-2-0875','DEWI KHOTIJAH',NULL,'',NULL,'A3b2'),('18-2-0876','DIAN AMALIA RAMADANI',NULL,'',NULL,'T2k1'),('18-2-0877','DIANA OKA',NULL,'',NULL,'B4a0'),('18-2-0879','FAJAR NASRULOH',NULL,'',NULL,'P9k5'),('18-2-0881','INDRI IRA LESTARI',NULL,'',NULL,'B5p6'),('18-2-0882','IRFAN APRIYANDI',NULL,'',NULL,'R7t4'),('18-2-0883','JULIARTI',NULL,'',NULL,'A2t3'),('18-2-0884','LAELATUL MUKAROMAH',NULL,'',NULL,'K6k0'),('18-2-0885','LINA SETIANINGSIH',NULL,'',NULL,'T7b2'),('18-2-0886','LINDA RAHMA R',NULL,'',NULL,'I8i5'),('18-2-0887','M DZULKIFLI ISLAM N',NULL,'',NULL,'A5i8'),('18-2-0888','MUHFID AL MUNAWAR',NULL,'',NULL,'R6t3'),('18-2-0889','NIKEN',NULL,'',NULL,'A6i1'),('18-2-0890','RIFKI WAIJAL NGILMI',NULL,'',NULL,'R1a0'),('18-2-0892','SEPTIANTI DWI ASTUTI',NULL,'',NULL,'A6t6'),('18-2-0896','ZIYAN ZAHRON',NULL,'',NULL,'I7r6'),('18-2-1871','APRI LIYANI',NULL,'',NULL,'B7b7'),('18-2-1890','RIFKY FIRMANSYAH',NULL,'',NULL,'P7k5');
/*!40000 ALTER TABLE `siswa` ENABLE KEYS */;
UNLOCK TABLES;

--
-- Table structure for table `users`
--

DROP TABLE IF EXISTS `users`;
/*!40101 SET @saved_cs_client     = @@character_set_client */;
/*!40101 SET character_set_client = utf8 */;
CREATE TABLE `users` (
  `id` int(6) NOT NULL AUTO_INCREMENT,
  `uname` varchar(20) NOT NULL,
  `refftable` enum('guru','siswa') DEFAULT 'siswa',
  `password` varchar(32) DEFAULT NULL,
  PRIMARY KEY (`id`)
) ENGINE=InnoDB AUTO_INCREMENT=227 DEFAULT CHARSET=utf8mb4;
/*!40101 SET character_set_client = @saved_cs_client */;

--
-- Dumping data for table `users`
--

LOCK TABLES `users` WRITE;
/*!40000 ALTER TABLE `users` DISABLE KEYS */;
INSERT INTO `users` VALUES (1,'18-1-0750','siswa','b7290c10e0c2765338c277cc6eb58881'),(2,'18-1-0751','siswa','a7a08df5a02388ecd84e183a86725c86'),(3,'18-1-0752','siswa','934f8c0a0d2ba77b95766f45b764e8bc'),(4,'18-1-0753','siswa','4a5f3ee126caea36b42eeece37f659d0'),(5,'18-1-0754','siswa','258e4e87e5ef45779b5384e174c8eabf'),(6,'18-1-0755','siswa','f8e440fb1c5577d23ce6dd889eaeede1'),(7,'18-1-0756','siswa','5c3b8358c9b2eea5557b84b389ca5a55'),(8,'18-1-0757','siswa','1cdca6d5e516b4bb5906b42f39b70589'),(9,'18-1-0758','siswa','7808babb3ba06ce19d75b4a0f4aa78f9'),(10,'18-1-0759','siswa','a7916748c983a9e563b74424d61d09f3'),(11,'18-1-0760','siswa','cba2f6bd99eb01cc52ea14605520c51f'),(12,'18-1-0761','siswa','2d36a0549b944bd5721cd729e4b20db1'),(13,'18-1-0762','siswa','d35b9747c348782ccade71fe3ea157f7'),(14,'18-1-0763','siswa','10e7107857048ddd2fa48e11e8c1db09'),(15,'18-1-0764','siswa','0266ab23731a64e5a9b9bdcb03aea38a'),(16,'18-1-0765','siswa','ad98f22c0443124c94731bf7aecb5d0b'),(17,'18-1-0766','siswa','1d25f02bc421fdf6434d0e8fd1697795'),(18,'18-1-0767','siswa','f20ca962e6ed0da0fe794710f7545890'),(19,'18-1-0768','siswa','3dee2399da1a484c9aae1ab9d75d5685'),(20,'18-1-0769','siswa','cd2bd24deb82ef8d18470535f87840e1'),(21,'18-1-0770','siswa','648893ddf63eb615e2e17959374ee477'),(22,'18-1-0771','siswa','070462b34292a896a299282ff2f712f3'),(23,'18-1-0772','siswa','e8415a20e3373e1363295041bb248950'),(24,'18-1-0773','siswa','3646e2ea6c5797dcabd2048c2ddd548d'),(25,'18-1-0775','siswa','869d7a7dc60c175d098ffb1c0584f12d'),(26,'18-1-0776','siswa','2673a254c80d596f47c047f0bbb0e584'),(27,'18-1-0777','siswa','830062587377f63d40f86a4448beb62c'),(28,'18-1-0778','siswa','21b8af43808e587d6e6bfdd85f9efb8b'),(29,'18-1-0779','siswa','5b9f8f10036652c5855095e342f41764'),(30,'18-1-0780','siswa','6d988a6d8cdff4d0558f4cc442ad0fca'),(31,'18-1-0781','siswa','a4d0e6ad3f130aef6cf5f712615a6e02'),(32,'18-1-0782','siswa','19188c65fda6de573b57a49143cbc270'),(33,'18-1-0783','siswa','63235d8ee8f2e885a2c6ff1a00302c5e'),(34,'18-1-0785','siswa','debbb835456e642564c089356e0dda51'),(35,'18-1-0786','siswa','8a1639c2364f2d1a02536b261575fd9a'),(36,'18-1-0791','siswa','8e870c7d2ea9708aaafbd2cec037876d'),(37,'18-1-0792','siswa','05b4fbe08563ca5371bf96f3ae2346b0'),(38,'18-1-0793','siswa','432c8472b93903735b8f5355872c097c'),(39,'18-1-0794','siswa','e5011be181d9108f6652c588649c9898'),(40,'18-1-0795','siswa','ec67a1a01a94e998b3e21ee31d387515'),(41,'18-1-0796','siswa','459b56b13bf45d58b864db04bf1ae644'),(42,'18-1-0797','siswa','8600d48c3435543aed146dd18a6be031'),(43,'18-1-0798','siswa','56cda406eae1a002e56288b9e509e868'),(44,'18-1-0799','siswa','4c69dfc41653604d934017b421ed1b84'),(45,'18-1-0800','siswa','97d2e0644c9731a6be8519d97be22297'),(46,'18-1-0801','siswa','1a414b63fac7f46d96196b010c4c047f'),(47,'18-1-0802','siswa','a08c1fee028b611b8327c83aeb5e65fb'),(48,'18-1-0803','siswa','6c1069aab96ac1acad5fc7a826542c0e'),(49,'18-1-0805','siswa','bafc40e4b8f063f6bf32aad6cec93501'),(50,'18-1-0806','siswa','06fa938fba7d2a35fa94180cf4d8a994'),(51,'18-1-0807','siswa','072d0d0cb88c75636e11dffd9c970277'),(52,'18-1-0808','siswa','42109a299dc37243f35045949dcbaf17'),(53,'18-1-0809','siswa','07155cca84b05773cc12216476d75a61'),(54,'18-1-0810','siswa','5b9c2c540b4b62d28833cca04784c78d'),(55,'18-1-0811','siswa','6dea21fd8c4a6f14bd29877f76721c3d'),(56,'18-1-0812','siswa','975ab7c596fd8eb5c8265b9997f50c40'),(57,'18-1-0813','siswa','1b8da5c47167bc4bee6a77426e71061e'),(58,'18-1-0814','siswa','7fd422372bf76d3364301d6fe2c82dc0'),(59,'18-1-0815','siswa','e63dc59bb26b9549152c491a32f992bd'),(60,'18-1-0816','siswa','af0722429064bff1b4f7845248315ce3'),(61,'18-1-0817','siswa','7d2354a07c57721461810572b533eb27'),(62,'18-1-0819','siswa','987db85e23d580ed3a38d681b6d2e1f3'),(63,'18-1-0820','siswa','694109cd70d2910e891ad6eb2d8c399d'),(64,'18-1-0821','siswa','b0ddf90dc3732730ebc6954d0181db50'),(65,'18-1-0822','siswa','796a292cced45739f43773e903b2e8d9'),(66,'18-1-0823','siswa','9b3529b9a75d1c43e714ff0f6a7461b7'),(67,'18-1-0824','siswa','dbf39030307d5ad0b253817a7fff500d'),(68,'18-1-0825','siswa','744d2ee82b7841a301fc7e33291f1a2f'),(69,'18-1-0826','siswa','4416bed232ff75240e3175d7de7532a0'),(70,'18-1-0827','siswa','9fcce207ae12a95886281c1b052f177c'),(71,'18-1-0828','siswa','82d35b24c5978323eaa6797504612c92'),(72,'18-2-0831','siswa','7e4c8fc07bba517bfd7f53f5c3327c68'),(73,'18-2-0832','siswa','da50029f0de5c9e96e0c59736ef9bf12'),(74,'18-2-0833','siswa','4920018c27c64c1a73cb2e9c9c2ddeb1'),(75,'18-2-0835','siswa','4bcaeef59a0c57992689a17fa8f74fa5'),(76,'18-2-0837','siswa','a355867d0cac79e24e4c38f31efecc62'),(77,'18-2-0838','siswa','542c1866805e6af8f7f17623fe7f1d60'),(78,'18-2-0840','siswa','57e4f330648bc8e68fd7c42851c1ddf6'),(79,'18-2-0841','siswa','0f90303f530eaa1ab5f657216095c34f'),(80,'18-2-0842','siswa','0f030b753d1b882f6517a8f7956c1fe4'),(81,'18-2-0844','siswa','221086d9644ceb99a846394fd99b82c2'),(82,'18-2-0845','siswa','23c2bea7794f03ba1f2660da762eeb41'),(83,'18-2-0846','siswa','a1b7542d071fd3a52b46c7d4174f3d47'),(84,'18-2-0847','siswa','9a91a2754a18eb55cc3de21c56fdc1b5'),(85,'18-2-0848','siswa','a01dd75d0827f39294e3d9e0b10e3cdd'),(86,'18-2-0849','siswa','f634019c4a5f2087ee6419f92ca1b224'),(87,'18-2-0850','siswa','6d7d0a00159696f937eacec7373cbc50'),(88,'18-2-0851','siswa','1cb84d81d64e349d6e20c72e58118673'),(89,'18-2-0852','siswa','de153a581d1dd7fdf012fc0f8127e07b'),(90,'18-2-0853','siswa','e9a24214e5e99ab3413d1cb1beeedf97'),(91,'18-2-0854','siswa','43df7463914ee44dca52ed0cab1023e2'),(92,'18-2-0855','siswa','fca334927c13d5d5dee8641b8ecd95b1'),(93,'18-2-0856','siswa','9ef39ff9f59a7eefddffb61f4f1bddf9'),(94,'18-2-0858','siswa','fa536ca2229404009daf7686119692ce'),(95,'18-2-0859','siswa','e25daf7c313d17465b97d616597a1d29'),(96,'18-2-0860','siswa','63e846275c19dc6f53a37ac97695b588'),(97,'18-2-0866','siswa','96deb74df57196dca6a09c0da420248b'),(98,'18-2-0867','siswa','8998b3e86f252111c3be886dca6fe311'),(99,'18-2-0868','siswa','d4854b6e7367a5cafacd5cd135db47a7'),(100,'18-2-0869','siswa','7c9b61236b0094344dff0dd5c3093f88'),(101,'18-2-0839','siswa','4c9e51cdd495fbce50adcd2a4b1ba38c'),(102,'18-2-0871','siswa','32313f0f7bb21cb319663c6683943d2f'),(103,'18-2-1871','siswa','0e3cc22a00ab944633c651c76e2f2afc'),(104,'18-2-0872','siswa','09cb4ca068e8e720341320da1bb3e771'),(105,'18-2-0873','siswa','ab683d25899bd76cb8e2858c7983fa69'),(106,'18-2-0874','siswa','256148e0bccda5454272a96832eba9af'),(107,'18-2-0875','siswa','e481416224c16894662fef8189453278'),(108,'18-2-0876','siswa','9e411c658728dc4aa53b2becf94a2c0a'),(109,'18-2-0877','siswa','cc819e4565b5f3cd6aac65885606c3f1'),(110,'18-2-0879','siswa','72d767039e2f6b866e6884a69e5d8bb3'),(111,'18-2-0881','siswa','2a9f11cb1c74dbb52fe1864b5adb1217'),(112,'18-2-0882','siswa','d74c99f3ba3c1fb9108d2236df5dfe42'),(113,'18-2-0883','siswa','7b5b6aac7afca88e10d771ea55a61baf'),(114,'18-2-0884','siswa','7c75d1920c517ebc4f790f9e04368a0a'),(115,'18-2-0885','siswa','79b31e0d0179646c3db4b15444b683f8'),(116,'18-2-0886','siswa','7deadaa7fadc9926571c028f7bb12351'),(117,'18-2-0887','siswa','35ccc2fb68ac3090ab0b2f5be188821f'),(118,'18-2-0888','siswa','d8692c312716aee27917bde73f42a8ad'),(119,'18-2-0889','siswa','39d48a0ffb8b3372182e8046148a29ea'),(120,'18-2-0890','siswa','2de487f9411719765391a2ce0a05c96f'),(121,'18-2-1890','siswa','4c26e60bb80aaaf77f2f81ecd7810480'),(122,'18-2-0892','siswa','5d7b4d0969c8e3584345787eb82b9baa'),(123,'18-2-0896','siswa','e497fd81bd4ebd020f991f8582b7f4ec'),(124,'17-1-0624','siswa','01811e90ec4a93ca9c9a8ec9163c1b22'),(125,'17-1-0625','siswa','80f60493266ac2b0ab59395401506175'),(126,'17-1-0626','siswa','022a2166c4329fb189bba7f73f6c8c1b'),(127,'17-1-0627','siswa','f8910733980483a5ac5385ae46a1ae88'),(128,'17-1-0628','siswa','1fcea434b0651b43c079071435b863af'),(129,'17-1-0630','siswa','11078ce6d53dfbd830954a348569f17b'),(130,'17-1-0631','siswa','7864c4c4167677682e5abe7308d3d5b4'),(131,'17-1-0632','siswa','1c8326161bbd556c336f846e8d6c3c04'),(132,'17-1-0633','siswa','4530b69630e272dda6259232a80da36a'),(133,'17-1-0634','siswa','5f243318724b2f450acaa2073428f391'),(134,'17-1-0636','siswa','ddbb8e2744ca5a31376eda86cd9d4195'),(135,'17-1-0637','siswa','96e8f278678c2c1733e3f22806eb2c61'),(136,'17-1-0638','siswa','c99a4d6a97f843f8bee951b998a23cb6'),(137,'17-1-0686','siswa','9c4b5dc944d85bcc51643466f3f500ef'),(138,'17-1-0639','siswa','b4cfc71b3df4d41f0af4c32afc5da633'),(139,'17-1-0687','siswa','32f07041bd96921f15270eff5312e009'),(140,'17-1-0641','siswa','fc36c6cd5f49181fb5600f84507a62aa'),(141,'17-1-0642','siswa','85f99135289644f3ec137f76b06c23ea'),(142,'17-1-0644','siswa','764cf3989c1ed4b876e732a20dd48668'),(143,'17-1-0647','siswa','6e0964705212d7e407d7d659d8be2879'),(144,'17-1-0643','siswa','4118eb459538a11b556e71ddb30e3878'),(145,'17-1-0645','siswa','d1d043ecdc405cd907992f590790b4e6'),(146,'17-1-0646','siswa','aa36bebe4ae6e69f116495b85eae4256'),(147,'17-1-0649','siswa','9b088f7eabd55215a4d01ceff775507a'),(148,'17-1-0651','siswa','ce3af1eece4ef5563485f187dad0209c'),(149,'17-1-0653','siswa','a859679ea73c03b7d770e879cf210cc5'),(150,'17-1-0684','siswa','aeba3222d164d2f87eb1eaf4feceaf67'),(151,'17-1-0656','siswa','f77cdc1a308986b1f3d234e6cf507883'),(152,'17-1-0657','siswa','540e35ecb760a1638f1ac86347fbf9ff'),(153,'17-1-0659','siswa','4b4766f8dc0f381067ba73807103f690'),(154,'17-1-0660','siswa','7188787f3fab912f5e624792a96d5df8'),(155,'17-1-0661','siswa','813371e286a3d20e873f639c5d8c545b'),(156,'17-1-0662','siswa','7bfd00a4024719d6ab7d2b3bba2dbfa4'),(157,'17-1-0663','siswa','e790d2d36a1345e8e453a2b9db04eb50'),(158,'17-1-0664','siswa','86ff8b2d9c35dc7042b2e245a753e23e'),(159,'17-1-0665','siswa','232dfaff209dcf5d27a3730aab1358a9'),(160,'17-1-0666','siswa','56ebab0bebd6decec75389eaeaa8ae75'),(161,'17-1-0667','siswa','437a9a9027ae879a2190fafea4510b89'),(162,'17-1-0668','siswa','1c41610013bc47633ebdf4697f421d3c'),(163,'17-1-0669','siswa','ed270ed9b27c2bc745f1c2a0e0a16d15'),(164,'17-1-0670','siswa','e483143b366fe36353726ab7d3348625'),(165,'17-1-0671','siswa','e2478a1a544f8735d2013182b277fe98'),(166,'17-1-0673','siswa','362a43f61b5c80807af2a9bbf35fe121'),(167,'17-1-0674','siswa','dcecd044deb0700ca028516e5562989c'),(168,'17-1-0675','siswa','f12a98193b069984813f1e528c222f71'),(169,'17-1-0576','siswa','6942a6bca0b9163bc4a0b887c75b16e7'),(170,'17-1-0679','siswa','ade82b1c36c2b27a9f0848f82f71ce2d'),(171,'17-1-0650','siswa','6150598d1f5514771b55a9d8671194c0'),(172,'17-1-0681','siswa','8cf06c5a0d6f970a87fa7dbafb17cdb2'),(173,'17-1-0680','siswa','644815fa8b584d2b1aef1409b29daa58'),(174,'17-1-0682','siswa','f2587982fa6b90cfbee4672f3018081b'),(175,'17-1-0683','siswa','b280df2cc73288ed4966306505ad43ec'),(176,'17-1-0685','siswa','2c92ca7fa587b40e7f47d0d2e39711ac'),(177,'17-1-0689','siswa','13e498bcc717b0c16815f79b32c674e8'),(178,'17-2-0689','siswa','c4d2139a2460fcf2b177f6902f49a046'),(179,'17-2-0690','siswa','4d9d1529986807bb161b6940f0ee4288'),(180,'17-2-0691','siswa','08b7c34567eb9d99348e29e4d8ff9e11'),(181,'17-2-0692','siswa','f6af30d1af385647f9fcd6eee1bcb8fb'),(182,'17-2-0716','siswa','437589f2050ddf8cd304378ebd08687c'),(183,'17-2-0693','siswa','1b5c7565c62d6621c59190a26423e685'),(184,'17-2-0694','siswa','147ddc4fd9acf4810c9ed3e9526f7e8d'),(185,'17-2-0695','siswa','98ea3cd214d59c11bf0d365978498308'),(186,'17-2-0696','siswa','9d78255c50ef556fc74d5fee97866f6e'),(187,'17-2-0697','siswa','fcf1d778b562b652f5274206395c9b99'),(188,'17-2-0698','siswa','b976f8f52a7056c26539e6b30eba16a1'),(189,'17-2-0699','siswa','1a4ba92e3f07135c4ea88e8249af8749'),(190,'17-2-0700','siswa','3599b280c65bd8341d2a8dd907087ef1'),(191,'17-2-0701','siswa','3a498933a5a6d97a71743b4aac7b9de4'),(192,'17-2-0702','siswa','d881da026cd5a4955316b8b1d1fd2d3e'),(193,'17-2-0703','siswa','b29d0830231b5a1d5e0f3e84742a65eb'),(194,'17-2-0704','siswa','e53f81c89b44aff12e3e94c973617cd2'),(195,'17-2-0705','siswa','10b9e722b8f02676fd60ca11a9c0ec30'),(196,'17-2-0706','siswa','b7d1b2d9ad4302dca418fad651d57018'),(197,'17-2-0707','siswa','8e52a2b36a1fe315df96e2ba9b05ca0a'),(198,'17-2-0709','siswa','053d716b825c53f94cf703b0a992b6fb'),(199,'17-2-0711','siswa','082f92aaae430fee94d9fa44398ce6f8'),(200,'17-2-0712','siswa','c752538f7b66d8d1143ddd6c4c1e386d'),(201,'17-2-0713','siswa','15c674d1c5e51a7791f3e1ee342bf73a'),(202,'17-2-0714','siswa','bd855bd2fcd7c6cd1e6503aaf7f535ad'),(203,'17-2-0717','siswa','4205acd3d9c43bcf7a4fb289f8a83dfd'),(204,'17-2-0718','siswa','669d07f8b14a29d494933fde6fded2af'),(205,'17-2-0719','siswa','19f39d3b0bd4e9c76a56206d5556611b'),(206,'17-2-0720','siswa','cb6879d58ce21d4a93f8095259437797'),(207,'17-2-0721','siswa','3b509110e57920701e1a79d324bb383a'),(208,'17-2-0722','siswa','4d1a53f290cd38381c30834c3bf2fca8'),(209,'17-2-0723','siswa','18f5ef9e75cfcb3f90a19e8d302b5a7e'),(210,'17-2-0724','siswa','7e67b4e0964ca8a788cb4085eeccdd82'),(211,'17-2-0725','siswa','32c5e48fb12736f1018a942dc2ab8279'),(212,'17-2-0726','siswa','7777d29b5b94e90367805ab6793c5893'),(213,'17-2-0727','siswa','ae6af397d71d0fd11876102f3f5f4711'),(214,'17-2-0728','siswa','84f4179ea0ac38a72c496d46b4c7f825'),(215,'17-2-0729','siswa','dd7c8954a18ccd29d07fd9f53388c0f2'),(216,'17-2-0730','siswa','a2d515ad3c3ecb4df3c6aa61df8ace9d'),(217,'17-2-0731','siswa','43364fcb5da14975ad73c60ede14b89d'),(218,'17-2-0732','siswa','14bcc92d4ea310b809e38b159599c570'),(219,'17-2-0744','siswa','f4ff26170c59645b055b8f1b56b8bdda'),(220,'17-2-0733','siswa','15ad6c2a7f12dfe3a75f061fc14a27c4'),(221,'17-2-0735','siswa','6a94d76573a3c307246fb9f5ef916a34'),(222,'17-2-0736','siswa','5bececc736b89d10dc578bed8ccdf10c'),(223,'17-2-0739','siswa','fcc8e57030e2ffd413beb0136bac7fe0'),(224,'17-2-0740','siswa','ecc61d193bc4042cf515ca785b454f45'),(225,'17-2-0742','siswa','47b0326696fc2d003e8b0dcfbdb78c88'),(226,'17-2-0743','siswa','85402894dda5a7ae08d162fea53ca5f3');
/*!40000 ALTER TABLE `users` ENABLE KEYS */;
UNLOCK TABLES;

--
-- Temporary table structure for view `vw_klsiswa`
--

DROP TABLE IF EXISTS `vw_klsiswa`;
/*!50001 DROP VIEW IF EXISTS `vw_klsiswa`*/;
SET @saved_cs_client     = @@character_set_client;
SET character_set_client = utf8;
/*!50001 CREATE TABLE `vw_klsiswa` (
  `id` tinyint NOT NULL,
  `tapel` tinyint NOT NULL,
  `nis` tinyint NOT NULL,
  `kelas` tinyint NOT NULL,
  `absen` tinyint NOT NULL,
  `nama` tinyint NOT NULL,
  `nmkelas` tinyint NOT NULL
) ENGINE=MyISAM */;
SET character_set_client = @saved_cs_client;

--
-- Table structure for table `walikls`
--

DROP TABLE IF EXISTS `walikls`;
/*!40101 SET @saved_cs_client     = @@character_set_client */;
/*!40101 SET character_set_client = utf8 */;
CREATE TABLE `walikls` (
  `id` int(5) NOT NULL AUTO_INCREMENT,
  `tapel` varchar(9) DEFAULT NULL,
  `niy` varchar(10) DEFAULT NULL,
  `kelas` int(2) DEFAULT NULL,
  PRIMARY KEY (`id`)
) ENGINE=InnoDB AUTO_INCREMENT=5 DEFAULT CHARSET=utf8mb4;
/*!40101 SET character_set_client = @saved_cs_client */;

--
-- Dumping data for table `walikls`
--

LOCK TABLES `walikls` WRITE;
/*!40000 ALTER TABLE `walikls` DISABLE KEYS */;
INSERT INTO `walikls` VALUES (4,'2019-2020','10004',1);
/*!40000 ALTER TABLE `walikls` ENABLE KEYS */;
UNLOCK TABLES;

--
-- Final view structure for view `vw_klsiswa`
--

/*!50001 DROP TABLE IF EXISTS `vw_klsiswa`*/;
/*!50001 DROP VIEW IF EXISTS `vw_klsiswa`*/;
/*!50001 SET @saved_cs_client          = @@character_set_client */;
/*!50001 SET @saved_cs_results         = @@character_set_results */;
/*!50001 SET @saved_col_connection     = @@collation_connection */;
/*!50001 SET character_set_client      = utf8mb4 */;
/*!50001 SET character_set_results     = utf8mb4 */;
/*!50001 SET collation_connection      = utf8mb4_general_ci */;
/*!50001 CREATE ALGORITHM=UNDEFINED */
/*!50013 DEFINER=`pbrakit`@`localhost` SQL SECURITY DEFINER */
/*!50001 VIEW `vw_klsiswa` AS select `klsiswa`.`id` AS `id`,`klsiswa`.`tapel` AS `tapel`,`klsiswa`.`nis` AS `nis`,`klsiswa`.`kelas` AS `kelas`,`klsiswa`.`absen` AS `absen`,`siswa`.`nama` AS `nama`,`kelas`.`kelas` AS `nmkelas` from ((`klsiswa` join `siswa`) join `kelas`) where ((`siswa`.`nis` = `klsiswa`.`nis`) and (`kelas`.`id` = `klsiswa`.`kelas`)) */;
/*!50001 SET character_set_client      = @saved_cs_client */;
/*!50001 SET character_set_results     = @saved_cs_results */;
/*!50001 SET collation_connection      = @saved_col_connection */;
/*!40103 SET TIME_ZONE=@OLD_TIME_ZONE */;

/*!40101 SET SQL_MODE=@OLD_SQL_MODE */;
/*!40014 SET FOREIGN_KEY_CHECKS=@OLD_FOREIGN_KEY_CHECKS */;
/*!40014 SET UNIQUE_CHECKS=@OLD_UNIQUE_CHECKS */;
/*!40101 SET CHARACTER_SET_CLIENT=@OLD_CHARACTER_SET_CLIENT */;
/*!40101 SET CHARACTER_SET_RESULTS=@OLD_CHARACTER_SET_RESULTS */;
/*!40101 SET COLLATION_CONNECTION=@OLD_COLLATION_CONNECTION */;
/*!40111 SET SQL_NOTES=@OLD_SQL_NOTES */;

-- Dump completed on 2019-07-26  8:30:11
